<?xml version="1.0"?>
<config xmlns:xsi="http://www.w3.org/2001/XMLSchema-instance" xsi:noNamespaceSchemaLocation="urn:magento:framework:ObjectManager/etc/config.xsd">
    <!-- Ajustar el namespace a tu módulo -->
    <type name="Unicomer\CustomLogger\Logger\Handler">
        <arguments>
            <argument name="filesystem" xsi:type="object">Magento\Framework\Filesystem\Driver\File</argument>
        </arguments>
    </type>

    <type name="Unicomer\CustomLogger\Logger\Logger">
        <arguments>
            <argument name="name" xsi:type="string">CustomLogger</argument>
            <argument name="handlers" xsi:type="array">
                <item name="system" xsi:type="object">Unicomer\CustomLogger\Logger\Handler</item>
            </argument>
        </arguments>
    </type>
</config>
