<?xml version="1.0"?>
<config xmlns:xsi="http://www.w3.org/2001/XMLSchema-instance" xsi:noNamespaceSchemaLocation="urn:magento:framework:Config/etc/system_file.xsd">
    <system>
        <section id="custom_logger" translate="label" type="text" sortOrder="300" showInDefault="1" showInWebsite="1" showInStore="1">
            <label>Custom Logger</label>
            <tab>general</tab>
            <resource>Unicomer_CustomLogger::config_custom_logger</resource>
            <group id="settings" translate="label" type="text" sortOrder="10" showInDefault="1" showInWebsite="1" showInStore="1">
                <label>Settings</label>
                <field id="enable_logging" translate="label" type="select" sortOrder="10" showInDefault="1" showInWebsite="1" showInStore="1">
                    <label>Enable Custom Logging</label>
                    <source_model>Magento\Config\Model\Config\Source\Yesno</source_model>
                </field>
                <field id="log_button" translate="label" type="button" sortOrder="20" showInDefault="1" showInWebsite="1" showInStore="1">
                    <label>Registrar Log Personalizado</label>
                    <frontend_model>Unicomer\CustomLogger\Block\Adminhtml\System\Config\Button</frontend_model>
                    <comment>Presiona el botón para registrar un log personalizado.</comment>
                </field>
            </group>
        </section>
    </system>
</config>
